File Name,"Pixels"
"363 (1).png",51.79537793175608
"363 (2).png",336.2539033428868
"363 (3).png",306.5884278953951
"363 (4).png",1094.3276284338301
