response,est,lwr,upr,bf,prob,Rhat_no,Rhat_yes
Acrosome,0.339169692220735,0.00269206404926804,0.771213305399173,1.44476594218604,0.582849012189274,0.999977316767021,1.0003521546707
Flagellum,0.699126078877047,0.0343353466717903,0.949366208312905,0.35645898242635,0.278331081251743,0.999643864216155,1.00248539046843
Head,0.202515710540436,0.00104344350387963,0.60000846399055,2.44780905796869,0.724025866883784,1.00080659192607,1.00002350332164
Midpiece,0.0660048842400624,0.000203156655742792,0.43722071184164,6.96236040865994,0.874287502345938,1.00009429951269,1.00107845222009
Nucleus,0.167590189107814,0.000976527026720179,0.580963843044834,3.22921703966785,0.766911056143926,0.999643875676722,1.00003479849467
Tail,0.767933142558118,0.24042567418749,0.942834689437176,0.0908720206385779,0.100128527942229,0.999932600368945,1.00047118321235
Total,0.477847835924244,0.00537361564890475,0.856250589860095,1.08861647109023,0.527913525062279,1.00100771374001,0.999767893620461
