response,est,lwr,upr,bf,prob,Rhat_no,Rhat_yes
Acrosome,0.000633000346603564,1.38498194839782e-06,0.00723412497900578,Inf,1,1.00087800155046,1.00028239747748
Flagellum,0.000561496877498159,1.38292401583055e-06,0.00641669200898141,Inf,1,0.999958579478861,0.999875345612274
Head,0.00063755775169865,1.2196865081315e-06,0.00670683625997619,Inf,1,1.0002208980009,0.999839105449611
Midpiece,0.000557295446874042,7.4866377698813e-07,0.00613811549487353,Inf,1,0.999778889619953,1.00075470981202
Nucleus,0.000612429183191289,1.44258800631725e-06,0.00713806437515104,Inf,1,0.999964181791252,0.999589981055155
Tail,0.000520825169118866,1.38621468594666e-06,0.00595838742897136,Inf,1,0.999957663239769,0.999835480519467
Total,0.000520276694864461,1.76557418996091e-06,0.0064380493809305,Inf,1,0.999893350937485,1.00043419799514
