response,est,lwr,upr,bf,prob,Rhat_no,Rhat_yes
Acrosome,0.000632298698639787,1.38149244567185e-06,0.00723037085775396,83.7314755575244,0.98862393210756,1.00021063757284,1.00028239747748
Flagellum,0.000561320304681027,1.38281004108429e-06,0.00641615426660034,143.156079051803,0.992794838868482,0.999922672365554,0.999875345612274
Head,0.000636073724413905,1.21872824830793e-06,0.00669568765616538,89.9699350080616,0.989048268775212,1.00080249812251,0.999839105449611
Midpiece,0.000556479831764737,7.48326379592341e-07,0.00612435766977328,131.885759761468,0.992483387564949,1.00075086733383,1.00075470981202
Nucleus,0.000610370599177777,1.43029650398371e-06,0.00713662894968451,93.5864937017499,0.989898059403262,1.0004814515657,0.999589981055155
Tail,0.000520755172828518,1.38460946485351e-06,0.0059514943027403,118.417319266557,0.991163206945867,1.0006893087148,0.999835480519467
Total,0.0005197317627735,1.76385217741493e-06,0.00642722921463058,112.862816488036,0.991815696315639,1.00059183065309,1.00043419799514
